timestamp,coverage,synthetic_coverage,observed_coverage,done,explored_voxels,free_voxels,occupied_voxels,unknown_voxels,ground_total_cells,ground_occupied_footprint_cells,ground_footprint_occupancy_ratio,target_ground_footprint_occupancy_ratio,failed_goals,stuck_events,backtrack_events,frontier_goals,goal_source,frontier_cluster_id,branch_point_count,dead_end_count,backtrack_count,returned_to_branch_count,current_region,start_pose_x,start_pose_y,start_pose_z,start_pose_yaw,distance_from_start,max_no_progress_duration,robot_x,robot_y,robot_z,goal_x,goal_y,goal_z,path_length,goal_changed,pose_changed,newly_observed_voxels,observed_voxels,frontier_count,sensor_cloud_points,mapping_source
1780144277.099,0.030493,0.030493,0.030493,False,282,249,33,8966,1156,325,0.281142,0.500000,0,0,0,0,unknown,-1,0,0,0,0,unknown,0.000,0.000,0.000,0.000,0.000,0.000,-23.817,-46.018,1.600,0.000,0.000,0.000,0.000,True,True,0,282,139,101,simulated_local_sensor_fallback_garage_v1_mesh_bbox
1780144277.349,0.030493,0.030493,0.030493,False,282,249,33,8966,1156,325,0.281142,0.500000,0,0,0,0,startup,-1,1,0,0,0,entry_start_region,-23.817,-46.018,1.600,0.000,0.000,0.000,-24.029,-45.806,1.600,-31.817,-38.018,1.600,15.414,True,True,0,282,139,101,simulated_local_sensor_fallback_garage_v1_mesh_bbox
1780144277.599,0.039792,0.039792,0.039792,False,368,328,40,8880,1156,325,0.281142,0.500000,0,0,0,0,startup,-1,1,0,0,0,entry_start_region,-23.817,-46.018,1.600,0.000,0.000,0.000,-24.580,-45.631,1.600,-31.817,-38.018,1.600,15.414,False,True,10,368,184,100,simulated_local_sensor_fallback_garage_v1_mesh_bbox
1780144277.849,0.042820,0.042820,0.042820,False,396,354,42,8852,1156,325,0.281142,0.500000,0,0,0,0,startup,-1,2,0,0,0,entry_start_region,-23.817,-46.018,1.600,0.000,1.290,0.000,-25.105,-45.274,1.600,-31.817,-38.018,1.600,13.792,False,True,7,396,194,106,simulated_local_sensor_fallback_garage_v1_mesh_bbox
1780144278.099,0.047578,0.047578,0.047578,False,440,392,48,8808,1156,325,0.281142,0.500000,0,0,0,0,startup,-1,2,0,0,0,entry_start_region,-23.817,-46.018,1.600,0.000,1.290,0.000,-25.237,-44.691,1.600,-31.817,-38.018,1.600,13.792,False,True,10,440,207,119,simulated_local_sensor_fallback_garage_v1_mesh_bbox
1780144278.349,0.052768,0.052768,0.052768,False,488,436,52,8760,1156,325,0.281142,0.500000,0,0,0,0,startup,-1,3,0,0,0,entry_start_region,-23.817,-46.018,1.600,0.000,2.293,0.000,-25.288,-43.943,1.600,-31.817,-38.018,1.600,12.433,False,True,20,488,221,109,simulated_local_sensor_fallback_garage_v1_mesh_bbox
1780144278.599,0.059256,0.059256,0.059256,False,548,494,54,8700,1156,325,0.281142,0.500000,0,0,0,0,startup,-1,3,0,0,0,entry_start_region,-23.817,-46.018,1.600,0.000,2.293,0.000,-25.733,-43.676,1.600,-31.817,-38.018,1.600,12.433,False,True,13,548,247,95,simulated_local_sensor_fallback_garage_v1_mesh_bbox
1780144278.849,0.063689,0.063689,0.063689,False,589,532,57,8659,1156,325,0.281142,0.500000,0,0,0,0,startup,-1,3,0,0,0,branch_region,-23.817,-46.018,1.600,0.000,3.274,0.000,-26.321,-43.579,1.600,-31.817,-38.018,1.600,11.005,False,True,0,589,262,101,simulated_local_sensor_fallback_garage_v1_mesh_bbox
1780144279.099,0.074503,0.074503,0.074503,False,689,615,74,8559,1156,325,0.281142,0.500000,0,0,0,0,startup,-1,3,0,0,0,branch_region,-23.817,-46.018,1.600,0.000,3.274,0.000,-27.070,-43.533,1.600,-31.817,-38.018,1.600,11.005,False,True,18,689,260,111,simulated_local_sensor_fallback_garage_v1_mesh_bbox
1780144279.349,0.078828,0.078828,0.078828,False,729,648,81,8519,1156,325,0.281142,0.500000,0,0,0,0,startup,-1,4,0,0,0,branch_region,-23.817,-46.018,1.600,0.000,4.338,0.000,-27.670,-43.526,1.600,-31.817,-38.018,1.600,9.654,False,True,11,729,275,114,simulated_local_sensor_fallback_garage_v1_mesh_bbox
1780144279.599,0.082937,0.082937,0.082937,False,767,682,85,8481,1156,325,0.281142,0.500000,0,0,0,0,startup,-1,4,0,0,0,branch_region,-23.817,-46.018,1.600,0.000,4.338,0.000,-28.271,-43.521,1.600,-31.817,-38.018,1.600,9.654,False,True,0,767,296,120,simulated_local_sensor_fallback_garage_v1_mesh_bbox
1780144279.849,0.086938,0.086938,0.086938,False,804,714,90,8444,1156,325,0.281142,0.500000,0,0,0,0,startup,-1,5,0,0,0,branch_region,-23.817,-46.018,1.600,0.000,5.503,0.000,-28.868,-43.259,1.600,-31.817,-38.018,1.600,6.313,False,True,9,804,310,123,simulated_local_sensor_fallback_garage_v1_mesh_bbox
1780144280.099,0.092669,0.092669,0.092669,False,857,765,92,8391,1156,325,0.281142,0.500000,0,0,0,0,startup,-1,5,0,0,0,branch_region,-23.817,-46.018,1.600,0.000,5.503,0.000,-29.162,-42.735,1.600,-31.817,-38.018,1.600,6.313,False,True,7,857,332,116,simulated_local_sensor_fallback_garage_v1_mesh_bbox
1780144280.349,0.096345,0.096345,0.096345,False,891,794,97,8357,1156,325,0.281142,0.500000,0,0,0,0,startup,-1,6,0,0,0,branch_region,-23.817,-46.018,1.600,0.000,6.669,0.000,-29.530,-42.082,1.600,-31.817,-38.018,1.600,4.963,False,True,7,891,343,125,simulated_local_sensor_fallback_garage_v1_mesh_bbox
1780144280.599,0.100887,0.100887,0.100887,False,933,833,100,8315,1156,325,0.281142,0.500000,0,0,0,0,startup,-1,6,0,0,0,branch_region,-23.817,-46.018,1.600,0.000,6.669,0.000,-29.824,-41.559,1.600,-31.817,-38.018,1.600,4.963,False,True,0,933,361,136,simulated_local_sensor_fallback_garage_v1_mesh_bbox
1780144280.849,0.104455,0.104455,0.104455,False,966,865,101,8282,1156,325,0.281142,0.500000,0,0,0,0,startup,-1,7,0,0,0,branch_region,-23.817,-46.018,1.600,0.000,7.894,0.000,-30.192,-40.906,1.600,-31.817,-38.018,1.600,3.613,False,True,2,966,367,129,simulated_local_sensor_fallback_garage_v1_mesh_bbox
1780144281.099,0.110510,0.110510,0.110510,False,1022,919,103,8226,1156,325,0.281142,0.500000,0,0,0,0,startup,-1,7,0,0,0,branch_region,-23.817,-46.018,1.600,0.000,7.894,0.000,-30.486,-40.383,1.600,-31.817,-38.018,1.600,3.613,False,True,0,1022,394,135,simulated_local_sensor_fallback_garage_v1_mesh_bbox
1780144281.349,0.114079,0.114079,0.114079,False,1055,946,109,8193,1156,325,0.281142,0.500000,0,0,0,0,startup,-1,8,0,0,0,branch_region,-23.817,-46.018,1.600,0.000,9.154,0.000,-30.854,-39.730,1.600,-31.817,-38.018,1.600,2.264,False,True,4,1055,389,137,simulated_local_sensor_fallback_garage_v1_mesh_bbox
1780144281.599,0.119702,0.119702,0.119702,False,1107,997,110,8141,1156,325,0.281142,0.500000,0,0,0,0,startup,-1,8,0,0,0,branch_region,-23.817,-46.018,1.600,0.000,9.154,0.000,-31.148,-39.207,1.600,-31.817,-38.018,1.600,2.264,False,True,7,1107,410,153,simulated_local_sensor_fallback_garage_v1_mesh_bbox
1780144281.849,0.123162,0.123162,0.123162,False,1139,1025,114,8109,1156,325,0.281142,0.500000,0,0,0,0,startup,-1,9,0,0,0,branch_region,-23.817,-46.018,1.600,0.000,10.293,0.000,-31.442,-38.684,1.600,-31.817,-38.018,1.600,1.064,False,True,0,1139,419,157,simulated_local_sensor_fallback_garage_v1_mesh_bbox
1780144282.099,0.126622,0.126622,0.126622,False,1171,1055,116,8077,1156,325,0.281142,0.500000,0,0,0,0,startup,-1,9,0,0,0,branch_region,-23.817,-46.018,1.600,0.000,10.293,0.000,-31.663,-38.292,1.600,-31.817,-38.018,1.600,1.064,False,True,3,1171,428,154,simulated_local_sensor_fallback_garage_v1_mesh_bbox
1780144282.349,0.126622,0.126622,0.126622,False,1171,1055,116,8077,1156,325,0.281142,0.500000,0,0,0,1,frontier_cluster,1,9,0,0,0,branch_region,-23.817,-46.018,1.600,0.000,11.012,0.000,-31.602,-38.155,1.600,-31.317,-37.518,1.600,0.847,True,True,0,1171,428,154,simulated_local_sensor_fallback_garage_v1_mesh_bbox
1780144282.599,0.131272,0.131272,0.131272,False,1214,1096,118,8034,1156,325,0.281142,0.500000,0,0,0,1,frontier_cluster,1,9,0,0,0,branch_region,-23.817,-46.018,1.600,0.000,11.012,0.000,-31.418,-37.744,1.600,-31.317,-37.518,1.600,0.847,False,True,11,1214,444,155,simulated_local_sensor_fallback_garage_v1_mesh_bbox
1780144282.849,0.131272,0.131272,0.131272,False,1214,1096,118,8034,1156,325,0.281142,0.500000,0,0,0,1,frontier_cluster,1,10,0,0,0,branch_region,-23.817,-46.018,1.600,0.000,11.236,0.000,-31.124,-37.683,1.600,-23.817,-38.018,1.600,11.831,True,True,0,1214,444,155,simulated_local_sensor_fallback_garage_v1_mesh_bbox
1780144283.099,0.141003,0.141003,0.141003,False,1304,1178,126,7944,1156,325,0.281142,0.500000,0,0,0,1,frontier_cluster,1,10,0,0,0,branch_region,-23.817,-46.018,1.600,0.000,11.236,0.000,-30.536,-37.563,1.600,-23.817,-38.018,1.600,11.831,False,True,12,1304,489,147,simulated_local_sensor_fallback_garage_v1_mesh_bbox
1780144283.349,0.146410,0.146410,0.146410,False,1354,1226,128,7894,1156,325,0.281142,0.500000,0,0,0,1,frontier_cluster,1,11,0,0,0,branch_region,-23.817,-46.018,1.600,0.000,10.539,0.000,-29.787,-37.535,1.600,-23.817,-38.018,1.600,10.478,False,True,8,1354,509,142,simulated_local_sensor_fallback_garage_v1_mesh_bbox
1780144283.599,0.153655,0.153655,0.153655,False,1421,1292,129,7827,1156,325,0.281142,0.500000,0,0,0,1,frontier_cluster,1,11,0,0,0,branch_region,-23.817,-46.018,1.600,0.000,10.539,0.000,-29.187,-37.526,1.600,-23.817,-38.018,1.600,10.478,False,True,14,1421,544,132,simulated_local_sensor_fallback_garage_v1_mesh_bbox
1780144283.849,0.160035,0.160035,0.160035,False,1480,1349,131,7768,1156,325,0.281142,0.500000,0,0,0,1,frontier_cluster,1,12,0,0,0,branch_region,-23.817,-46.018,1.600,0.000,9.818,0.000,-28.433,-37.521,1.600,-23.817,-38.018,1.600,9.127,False,True,9,1480,576,127,simulated_local_sensor_fallback_garage_v1_mesh_bbox
1780144284.099,0.164684,0.164684,0.164684,False,1523,1392,131,7725,1156,325,0.281142,0.500000,0,0,0,1,frontier_cluster,1,12,0,0,0,branch_region,-23.817,-46.018,1.600,0.000,9.818,0.000,-27.687,-37.519,1.600,-23.817,-38.018,1.600,9.127,False,True,7,1523,598,136,simulated_local_sensor_fallback_garage_v1_mesh_bbox
1780144284.349,0.168469,0.168469,0.168469,False,1558,1427,131,7690,1156,325,0.281142,0.500000,0,0,0,1,frontier_cluster,1,13,0,0,0,branch_region,-23.817,-46.018,1.600,0.000,9.399,0.000,-27.440,-37.079,1.600,-23.817,-38.018,1.600,7.582,False,True,12,1558,601,139,simulated_local_sensor_fallback_garage_v1_mesh_bbox
1780144284.599,0.171929,0.171929,0.171929,False,1590,1458,132,7658,1156,325,0.281142,0.500000,0,0,0,1,frontier_cluster,1,13,0,0,0,branch_region,-23.817,-46.018,1.600,0.000,9.399,0.000,-27.362,-36.487,1.600,-23.817,-38.018,1.600,7.582,False,True,0,1590,614,146,simulated_local_sensor_fallback_garage_v1_mesh_bbox
1780144284.849,0.181120,0.181120,0.181120,False,1675,1536,139,7573,1156,325,0.281142,0.500000,0,0,0,1,frontier_cluster,1,14,0,0,0,branch_region,-23.817,-46.018,1.600,0.000,10.585,0.000,-27.327,-35.738,1.600,-23.817,-38.018,1.600,6.227,False,True,19,1675,634,123,simulated_local_sensor_fallback_garage_v1_mesh_bbox
1780144285.099,0.189446,0.189446,0.189446,False,1752,1608,144,7496,1156,325,0.281142,0.500000,0,0,0,1,frontier_cluster,1,14,0,0,0,branch_region,-23.817,-46.018,1.600,0.000,10.585,0.000,-26.741,-35.610,1.600,-23.817,-38.018,1.600,6.227,False,True,13,1752,634,115,simulated_local_sensor_fallback_garage_v1_mesh_bbox
1780144285.349,0.198746,0.198746,0.198746,False,1838,1685,153,7410,1156,325,0.281142,0.500000,0,0,0,1,frontier_cluster,1,15,0,0,0,branch_region,-23.817,-46.018,1.600,0.000,10.772,0.000,-26.145,-35.557,1.600,-23.817,-38.018,1.600,4.836,False,True,19,1838,639,117,simulated_local_sensor_fallback_garage_v1_mesh_bbox
1780144285.599,0.204477,0.204477,0.204477,False,1891,1731,160,7357,1156,325,0.281142,0.500000,0,0,0,1,frontier_cluster,1,15,0,0,0,branch_region,-23.817,-46.018,1.600,0.000,10.772,0.000,-25.545,-35.529,1.600,-23.817,-38.018,1.600,4.836,False,True,10,1891,632,106,simulated_local_sensor_fallback_garage_v1_mesh_bbox
1780144285.849,0.208045,0.208045,0.208045,False,1924,1762,162,7324,1156,325,0.281142,0.500000,0,0,0,1,frontier_cluster,1,16,0,0,0,branch_region,-23.817,-46.018,1.600,0.000,10.182,0.000,-25.258,-36.202,1.600,-23.817,-38.018,1.600,2.618,False,True,10,1924,645,107,simulated_local_sensor_fallback_garage_v1_mesh_bbox
1780144286.099,0.210424,0.210424,0.210424,False,1946,1783,163,7302,1156,325,0.281142,0.500000,0,0,0,1,frontier_cluster,1,16,0,0,0,branch_region,-23.817,-46.018,1.600,0.000,10.182,0.000,-24.885,-36.672,1.600,-23.817,-38.018,1.600,2.618,False,True,0,1946,654,112,simulated_local_sensor_fallback_garage_v1_mesh_bbox
1780144286.349,0.213127,0.213127,0.213127,False,1971,1807,164,7277,1156,325,0.281142,0.500000,0,0,0,1,frontier_cluster,1,17,0,0,0,branch_region,-23.817,-46.018,1.600,0.000,9.028,0.000,-24.419,-37.259,1.600,-23.817,-38.018,1.600,1.268,False,True,4,1971,658,115,simulated_local_sensor_fallback_garage_v1_mesh_bbox
1780144286.599,0.217236,0.217236,0.217236,False,2009,1843,166,7239,1156,325,0.281142,0.500000,0,0,0,1,frontier_cluster,1,17,0,0,0,branch_region,-23.817,-46.018,1.600,0.000,9.028,0.000,-23.953,-37.847,1.600,-23.817,-38.018,1.600,1.268,False,True,7,2009,666,112,simulated_local_sensor_fallback_garage_v1_mesh_bbox
1780144286.849,0.218426,0.218426,0.218426,False,2020,1854,166,7228,1156,325,0.281142,0.500000,0,0,0,1,nearest_free_lawnmower_no_frontier_candidate,-1,18,1,0,0,branch_region,-23.817,-46.018,1.600,0.000,8.172,0.000,-24.024,-37.978,1.600,-19.817,-54.018,2.000,21.394,True,True,0,2020,671,112,simulated_local_sensor_fallback_garage_v1_mesh_bbox
1780144287.099,0.219074,0.219074,0.219074,False,2026,1860,166,7222,1156,325,0.281142,0.500000,0,0,0,1,nearest_free_lawnmower_no_frontier_candidate,-1,18,1,0,0,branch_region,-23.817,-46.018,1.600,0.000,8.172,0.000,-24.202,-38.540,1.600,-19.817,-54.018,2.000,21.394,False,True,0,2026,671,119,simulated_local_sensor_fallback_garage_v1_mesh_bbox
1780144287.349,0.219831,0.219831,0.219831,False,2033,1867,166,7215,1156,325,0.281142,0.500000,0,0,0,1,nearest_free_lawnmower_no_frontier_candidate,-1,19,1,0,0,branch_region,-23.817,-46.018,1.600,0.000,7.044,0.000,-24.290,-39.285,1.600,-19.817,-54.018,2.000,20.165,False,True,1,2033,673,114,simulated_local_sensor_fallback_garage_v1_mesh_bbox
1780144287.599,0.220696,0.220696,0.220696,False,2041,1875,166,7207,1156,325,0.281142,0.500000,0,0,0,1,nearest_free_lawnmower_no_frontier_candidate,-1,19,1,0,0,branch_region,-23.817,-46.018,1.600,0.000,7.044,0.000,-24.303,-39.885,1.600,-19.817,-54.018,2.000,20.165,False,True,2,2041,673,114,simulated_local_sensor_fallback_garage_v1_mesh_bbox
1780144287.849,0.222859,0.222859,0.222859,False,2061,1894,167,7187,1156,325,0.281142,0.500000,0,0,0,1,nearest_free_lawnmower_no_frontier_candidate,-1,20,1,0,0,branch_region,-23.817,-46.018,1.600,0.000,5.853,0.000,-24.311,-40.485,1.600,-19.817,-54.018,2.000,18.964,False,True,0,2061,682,111,simulated_local_sensor_fallback_garage_v1_mesh_bbox
1780144288.099,0.227076,0.227076,0.227076,False,2100,1932,168,7148,1156,325,0.281142,0.500000,0,0,0,1,nearest_free_lawnmower_no_frontier_candidate,-1,20,1,0,0,branch_region,-23.817,-46.018,1.600,0.000,5.853,0.000,-24.315,-41.235,1.600,-19.817,-54.018,2.000,18.964,False,True,6,2100,701,105,simulated_local_sensor_fallback_garage_v1_mesh_bbox
1780144288.349,0.229022,0.229022,0.229022,False,2118,1949,169,7130,1156,325,0.281142,0.500000,0,0,0,1,nearest_free_lawnmower_no_frontier_candidate,-1,21,1,0,0,branch_region,-23.817,-46.018,1.600,0.000,4.510,0.000,-24.316,-41.835,1.600,-19.817,-54.018,2.000,17.614,False,True,7,2118,708,105,simulated_local_sensor_fallback_garage_v1_mesh_bbox
1780144288.599,0.231942,0.231942,0.231942,False,2145,1975,170,7103,1156,325,0.281142,0.500000,0,0,0,1,nearest_free_lawnmower_no_frontier_candidate,-1,21,1,0,0,branch_region,-23.817,-46.018,1.600,0.000,4.510,0.000,-24.317,-42.436,1.600,-19.817,-54.018,2.000,17.614,False,True,6,2145,722,103,simulated_local_sensor_fallback_garage_v1_mesh_bbox
1780144288.849,0.235294,0.235294,0.235294,False,2176,2005,171,7072,1156,325,0.281142,0.500000,0,0,0,1,nearest_free_lawnmower_no_frontier_candidate,-1,22,1,0,0,branch_region,-23.817,-46.018,1.600,0.000,3.172,0.000,-24.317,-43.185,1.600,-19.817,-54.018,2.000,16.263,False,True,13,2176,739,103,simulated_local_sensor_fallback_garage_v1_mesh_bbox
1780144289.099,0.238322,0.238322,0.238322,False,2204,2033,171,7044,1156,325,0.281142,0.500000,0,0,0,1,nearest_free_lawnmower_no_frontier_candidate,-1,22,1,0,0,branch_region,-23.817,-46.018,1.600,0.000,3.172,0.000,-24.317,-43.786,1.600,-19.817,-54.018,2.000,16.263,False,True,5,2204,756,110,simulated_local_sensor_fallback_garage_v1_mesh_bbox
1780144289.349,0.242106,0.242106,0.242106,False,2239,2067,172,7009,1156,325,0.281142,0.500000,0,0,0,1,nearest_free_lawnmower_no_frontier_candidate,-1,23,1,0,0,entry_start_region,-23.817,-46.018,1.600,0.000,1.852,0.000,-24.317,-44.535,1.600,-19.817,-54.018,2.000,14.914,False,True,10,2239,779,112,simulated_local_sensor_fallback_garage_v1_mesh_bbox
1780144289.599,0.247080,0.247080,0.247080,False,2285,2113,172,6963,1156,325,0.281142,0.500000,0,0,0,1,nearest_free_lawnmower_no_frontier_candidate,-1,23,1,0,0,entry_start_region,-23.817,-46.018,1.600,0.000,1.852,0.000,-24.317,-45.285,1.600,-19.817,-54.018,2.000,14.914,False,True,10,2285,807,121,simulated_local_sensor_fallback_garage_v1_mesh_bbox
1780144289.849,0.252379,0.252379,0.252379,False,2334,2160,174,6914,1156,325,0.281142,0.500000,0,0,0,1,nearest_free_lawnmower_no_frontier_candidate,-1,24,1,0,0,entry_start_region,-23.817,-46.018,1.600,0.000,0.661,0.000,-24.317,-45.885,1.600,-19.817,-54.018,2.000,13.564,False,True,12,2334,826,121,simulated_local_sensor_fallback_garage_v1_mesh_bbox
1780144290.099,0.256920,0.256920,0.256920,False,2376,2202,174,6872,1156,325,0.281142,0.500000,0,0,0,1,nearest_free_lawnmower_no_frontier_candidate,-1,24,1,0,0,entry_start_region,-23.817,-46.018,1.600,0.000,0.661,0.000,-24.317,-46.485,1.600,-19.817,-54.018,2.000,13.564,False,True,0,2376,850,116,simulated_local_sensor_fallback_garage_v1_mesh_bbox
1780144290.349,0.263841,0.263841,0.263841,False,2440,2264,176,6808,1156,325,0.281142,0.500000,0,0,0,1,nearest_free_lawnmower_no_frontier_candidate,-1,25,1,0,0,entry_start_region,-23.817,-46.018,1.600,0.000,1.044,0.000,-24.156,-47.188,1.636,-19.817,-54.018,2.000,8.401,False,True,11,2440,870,118,simulated_local_sensor_fallback_garage_v1_mesh_bbox
1780144290.599,0.270221,0.270221,0.270221,False,2499,2313,186,6749,1156,325,0.281142,0.500000,0,0,0,1,nearest_free_lawnmower_no_frontier_candidate,-1,25,1,0,0,entry_start_region,-23.817,-46.018,1.600,0.000,1.044,0.000,-23.834,-47.694,1.673,-19.817,-54.018,2.000,8.401,False,True,7,2499,888,125,simulated_local_sensor_fallback_garage_v1_mesh_bbox
1780144290.849,0.275627,0.275627,0.275627,False,2549,2354,195,6699,1156,325,0.281142,0.500000,0,0,0,1,nearest_free_lawnmower_no_frontier_candidate,-1,26,1,0,0,entry_start_region,-23.817,-46.018,1.600,0.000,1.936,0.000,-23.513,-48.201,1.709,-19.817,-54.018,2.000,7.199,False,True,0,2549,904,122,simulated_local_sensor_fallback_garage_v1_mesh_bbox
1780144291.099,0.281142,0.281142,0.281142,False,2600,2402,198,6648,1156,325,0.281142,0.500000,0,0,0,1,nearest_free_lawnmower_no_frontier_candidate,-1,26,1,0,0,entry_start_region,-23.817,-46.018,1.600,0.000,1.936,0.000,-23.191,-48.707,1.745,-19.817,-54.018,2.000,7.199,False,True,11,2600,919,127,simulated_local_sensor_fallback_garage_v1_mesh_bbox
1780144291.349,0.293577,0.293577,0.293577,False,2715,2514,201,6533,1156,325,0.281142,0.500000,0,0,0,1,nearest_free_lawnmower_no_frontier_candidate,-1,27,1,0,0,branch_region,-23.817,-46.018,1.600,0.000,3.192,0.000,-22.789,-49.340,1.782,-19.817,-54.018,2.000,5.848,False,True,19,2715,968,127,simulated_local_sensor_fallback_garage_v1_mesh_bbox
1780144291.599,0.305363,0.305363,0.305363,False,2824,2620,204,6424,1156,325,0.281142,0.500000,0,0,0,1,nearest_free_lawnmower_no_frontier_candidate,-1,27,1,0,0,branch_region,-23.817,-46.018,1.600,0.000,3.192,0.000,-22.468,-49.846,1.818,-19.817,-54.018,2.000,5.848,False,True,0,2824,1026,125,simulated_local_sensor_fallback_garage_v1_mesh_bbox
1780144291.849,0.314663,0.314663,0.314663,False,2910,2703,207,6338,1156,325,0.281142,0.500000,0,0,0,1,nearest_free_lawnmower_no_frontier_candidate,-1,28,1,0,0,branch_region,-23.817,-46.018,1.600,0.000,4.504,0.000,-22.065,-50.479,1.855,-19.817,-54.018,2.000,4.496,False,True,16,2910,1077,116,simulated_local_sensor_fallback_garage_v1_mesh_bbox
1780144292.099,0.328179,0.328179,0.328179,False,3035,2827,208,6213,1156,325,0.281142,0.500000,0,0,0,1,nearest_free_lawnmower_no_frontier_candidate,-1,28,1,0,0,branch_region,-23.817,-46.018,1.600,0.000,4.504,0.000,-21.743,-50.986,1.891,-19.817,-54.018,2.000,4.496,False,True,0,3035,1124,112,simulated_local_sensor_fallback_garage_v1_mesh_bbox
1780144292.349,0.337911,0.337911,0.337911,False,3125,2913,212,6123,1156,325,0.281142,0.500000,0,0,0,1,nearest_free_lawnmower_no_frontier_candidate,-1,29,1,0,0,branch_region,-23.817,-46.018,1.600,0.000,5.834,0.000,-21.341,-51.619,1.918,-19.817,-54.018,2.000,3.144,False,True,19,3125,1158,112,simulated_local_sensor_fallback_garage_v1_mesh_bbox
1780144292.599,0.346237,0.346237,0.346237,False,3202,2986,216,6046,1156,325,0.281142,0.500000,0,0,0,1,nearest_free_lawnmower_no_frontier_candidate,-1,29,1,0,0,branch_region,-23.817,-46.018,1.600,0.000,5.834,0.000,-21.019,-52.125,1.945,-19.817,-54.018,2.000,3.144,False,True,20,3202,1180,115,simulated_local_sensor_fallback_garage_v1_mesh_bbox
1780144292.849,0.354239,0.354239,0.354239,False,3276,3059,217,5972,1156,325,0.281142,0.500000,0,0,0,1,nearest_free_lawnmower_no_frontier_candidate,-1,30,1,0,0,branch_region,-23.817,-46.018,1.600,0.000,7.172,0.000,-20.617,-52.758,1.973,-19.817,-54.018,2.000,1.793,False,True,17,3276,1207,118,simulated_local_sensor_fallback_garage_v1_mesh_bbox
1780144293.099,0.361051,0.361051,0.361051,False,3339,3121,218,5909,1156,325,0.281142,0.500000,0,0,0,1,nearest_free_lawnmower_no_frontier_candidate,-1,30,1,0,0,branch_region,-23.817,-46.018,1.600,0.000,7.172,0.000,-20.295,-53.265,2.000,-19.817,-54.018,2.000,1.793,False,True,0,3339,1224,125,simulated_local_sensor_fallback_garage_v1_mesh_bbox
1780144293.349,0.382029,0.382029,0.382029,False,3533,3301,232,5715,1156,325,0.281142,0.500000,0,0,0,1,nearest_free_lawnmower_no_frontier_candidate,-1,31,1,0,0,branch_region,-23.817,-46.018,1.600,0.000,8.514,0.000,-19.976,-53.355,2.000,-15.817,-38.018,2.000,16.191,True,True,20,3533,1202,108,simulated_local_sensor_fallback_garage_v1_mesh_bbox
1780144293.599,0.384083,0.384083,0.384083,False,3552,3319,233,5696,1156,325,0.281142,0.500000,0,0,0,1,nearest_free_lawnmower_no_frontier_candidate,-1,31,1,0,0,branch_region,-23.817,-46.018,1.600,0.000,8.514,0.000,-19.819,-52.776,2.000,-15.817,-38.018,2.000,16.191,False,True,5,3552,1191,101,simulated_local_sensor_fallback_garage_v1_mesh_bbox
1780144293.849,0.386462,0.386462,0.386462,False,3574,3341,233,5674,1156,325,0.281142,0.500000,0,0,0,1,nearest_free_lawnmower_no_frontier_candidate,-1,32,1,0,0,branch_region,-23.817,-46.018,1.600,0.000,7.656,0.000,-19.662,-52.196,2.000,-15.817,-38.018,2.000,14.990,False,True,0,3574,1179,100,simulated_local_sensor_fallback_garage_v1_mesh_bbox
1780144294.099,0.389706,0.389706,0.389706,False,3604,3368,236,5644,1156,325,0.281142,0.500000,0,0,0,1,nearest_free_lawnmower_no_frontier_candidate,-1,32,1,0,0,branch_region,-23.817,-46.018,1.600,0.000,7.656,0.000,-19.505,-51.617,2.000,-15.817,-38.018,2.000,14.990,False,True,5,3604,1172,93,simulated_local_sensor_fallback_garage_v1_mesh_bbox
1780144294.349,0.397816,0.397816,0.397816,False,3679,3433,246,5569,1156,325,0.281142,0.500000,0,0,0,1,nearest_free_lawnmower_no_frontier_candidate,-1,33,1,0,0,branch_region,-23.817,-46.018,1.600,0.000,6.817,0.000,-19.308,-50.894,2.000,-15.817,-38.018,2.000,13.641,False,True,9,3679,1193,87,simulated_local_sensor_fallback_garage_v1_mesh_bbox
1780144294.599,0.400087,0.400087,0.400087,False,3700,3451,249,5548,1156,325,0.281142,0.500000,0,0,0,1,nearest_free_lawnmower_no_frontier_candidate,-1,33,1,0,0,branch_region,-23.817,-46.018,1.600,0.000,6.817,0.000,-19.151,-50.314,2.000,-15.817,-38.018,2.000,13.641,False,True,8,3700,1192,86,simulated_local_sensor_fallback_garage_v1_mesh_bbox
1780144294.849,0.403114,0.403114,0.403114,False,3728,3479,249,5520,1156,325,0.281142,0.500000,0,0,0,1,nearest_free_lawnmower_no_frontier_candidate,-1,34,1,0,0,branch_region,-23.817,-46.018,1.600,0.000,6.223,0.000,-18.994,-49.736,2.000,-15.817,-38.018,2.000,12.441,False,True,0,3728,1199,90,simulated_local_sensor_fallback_garage_v1_mesh_bbox
1780144295.099,0.406466,0.406466,0.406466,False,3759,3509,250,5489,1156,325,0.281142,0.500000,0,0,0,1,nearest_free_lawnmower_no_frontier_candidate,-1,34,1,0,0,branch_region,-23.817,-46.018,1.600,0.000,6.223,0.000,-18.837,-49.157,2.000,-15.817,-38.018,2.000,12.441,False,True,6,3759,1195,103,simulated_local_sensor_fallback_garage_v1_mesh_bbox
1780144295.349,0.412630,0.412630,0.412630,False,3816,3563,253,5432,1156,325,0.281142,0.500000,0,0,0,1,nearest_free_lawnmower_no_frontier_candidate,-1,35,1,0,0,branch_region,-23.817,-46.018,1.600,0.000,5.784,0.000,-18.641,-48.433,2.000,-15.817,-38.018,2.000,11.091,False,True,11,3816,1184,102,simulated_local_sensor_fallback_garage_v1_mesh_bbox
1780144295.599,0.418793,0.418793,0.418793,False,3873,3615,258,5375,1156,325,0.281142,0.500000,0,0,0,1,nearest_free_lawnmower_no_frontier_candidate,-1,35,1,0,0,branch_region,-23.817,-46.018,1.600,0.000,5.784,0.000,-18.484,-47.854,2.000,-15.817,-38.018,2.000,11.091,False,True,14,3873,1196,107,simulated_local_sensor_fallback_garage_v1_mesh_bbox
1780144295.849,0.424632,0.424632,0.424632,False,3927,3667,260,5321,1156,325,0.281142,0.500000,0,0,0,1,nearest_free_lawnmower_no_frontier_candidate,-1,36,1,0,0,branch_region,-23.817,-46.018,1.600,0.000,5.642,0.000,-18.288,-47.130,2.000,-15.817,-38.018,2.000,9.741,False,True,6,3927,1217,108,simulated_local_sensor_fallback_garage_v1_mesh_bbox
1780144296.099,0.429823,0.429823,0.429823,False,3975,3712,263,5273,1156,325,0.281142,0.500000,0,0,0,1,nearest_free_lawnmower_no_frontier_candidate,-1,36,1,0,0,branch_region,-23.817,-46.018,1.600,0.000,5.642,0.000,-18.131,-46.550,2.000,-15.817,-38.018,2.000,9.741,False,True,0,3975,1226,103,simulated_local_sensor_fallback_garage_v1_mesh_bbox
1780144296.349,0.435554,0.435554,0.435554,False,4028,3764,264,5220,1156,325,0.281142,0.500000,0,0,0,1,nearest_free_lawnmower_no_frontier_candidate,-1,37,1,0,0,branch_region,-23.817,-46.018,1.600,0.000,5.819,0.000,-17.934,-45.827,2.000,-15.817,-38.018,2.000,8.391,False,True,12,4028,1229,94,simulated_local_sensor_fallback_garage_v1_mesh_bbox
1780144296.599,0.439879,0.439879,0.439879,False,4068,3802,266,5180,1156,325,0.281142,0.500000,0,0,0,1,nearest_free_lawnmower_no_frontier_candidate,-1,37,1,0,0,branch_region,-23.817,-46.018,1.600,0.000,5.819,0.000,-17.777,-45.248,2.000,-15.817,-38.018,2.000,8.391,False,True,12,4068,1233,98,simulated_local_sensor_fallback_garage_v1_mesh_bbox
1780144296.849,0.444961,0.444961,0.444961,False,4115,3846,269,5133,1156,325,0.281142,0.500000,0,0,0,1,nearest_free_lawnmower_no_frontier_candidate,-1,38,1,0,0,branch_region,-23.817,-46.018,1.600,0.000,6.222,0.000,-17.620,-44.669,2.000,-15.817,-38.018,2.000,7.191,False,True,0,4115,1249,91,simulated_local_sensor_fallback_garage_v1_mesh_bbox
1780144297.099,0.449503,0.449503,0.449503,False,4157,3884,273,5091,1156,325,0.281142,0.500000,0,0,0,1,nearest_free_lawnmower_no_frontier_candidate,-1,38,1,0,0,branch_region,-23.817,-46.018,1.600,0.000,6.222,0.000,-17.463,-44.089,2.000,-15.817,-38.018,2.000,7.191,False,True,11,4157,1264,90,simulated_local_sensor_fallback_garage_v1_mesh_bbox
1780144297.349,0.455234,0.455234,0.455234,False,4210,3934,276,5038,1156,325,0.281142,0.500000,0,0,0,1,nearest_free_lawnmower_no_frontier_candidate,-1,39,1,0,0,branch_region,-23.817,-46.018,1.600,0.000,6.901,0.000,-17.267,-43.366,2.000,-15.817,-38.018,2.000,5.841,False,True,3,4210,1281,85,simulated_local_sensor_fallback_garage_v1_mesh_bbox
1780144297.599,0.462046,0.462046,0.462046,False,4273,3994,279,4975,1156,325,0.281142,0.500000,0,0,0,1,nearest_free_lawnmower_no_frontier_candidate,-1,39,1,0,0,branch_region,-23.817,-46.018,1.600,0.000,6.901,0.000,-17.110,-42.787,2.000,-15.817,-38.018,2.000,5.841,False,True,0,4273,1302,81,simulated_local_sensor_fallback_garage_v1_mesh_bbox
1780144297.849,0.466479,0.466479,0.466479,False,4314,4035,279,4934,1156,325,0.281142,0.500000,0,0,0,1,nearest_free_lawnmower_no_frontier_candidate,-1,40,1,0,0,branch_region,-23.817,-46.018,1.600,0.000,7.757,0.000,-16.914,-42.063,2.000,-15.817,-38.018,2.000,4.491,False,True,3,4314,1307,88,simulated_local_sensor_fallback_garage_v1_mesh_bbox
1780144298.099,0.471886,0.471886,0.471886,False,4364,4084,280,4884,1156,325,0.281142,0.500000,0,0,0,1,nearest_free_lawnmower_no_frontier_candidate,-1,40,1,0,0,branch_region,-23.817,-46.018,1.600,0.000,7.757,0.000,-16.757,-41.484,2.000,-15.817,-38.018,2.000,4.491,False,True,0,4364,1322,89,simulated_local_sensor_fallback_garage_v1_mesh_bbox
1780144298.349,0.479455,0.479455,0.479455,False,4434,4151,283,4814,1156,325,0.281142,0.500000,0,0,0,1,nearest_free_lawnmower_no_frontier_candidate,-1,41,1,0,0,branch_region,-23.817,-46.018,1.600,0.000,8.739,0.000,-16.561,-40.760,2.000,-15.817,-38.018,2.000,3.141,False,True,12,4434,1314,110,simulated_local_sensor_fallback_garage_v1_mesh_bbox
1780144298.599,0.485727,0.485727,0.485727,False,4492,4205,287,4756,1156,325,0.281142,0.500000,0,0,0,1,nearest_free_lawnmower_no_frontier_candidate,-1,41,1,0,0,branch_region,-23.817,-46.018,1.600,0.000,8.739,0.000,-16.403,-40.181,2.000,-15.817,-38.018,2.000,3.141,False,True,17,4492,1316,122,simulated_local_sensor_fallback_garage_v1_mesh_bbox
1780144298.849,0.491458,0.491458,0.491458,False,4545,4258,287,4703,1156,325,0.281142,0.500000,0,0,0,1,nearest_free_lawnmower_no_frontier_candidate,-1,42,1,0,0,branch_region,-23.817,-46.018,1.600,0.000,9.809,0.000,-16.207,-39.457,2.000,-15.817,-38.018,2.000,1.791,False,True,9,4545,1321,111,simulated_local_sensor_fallback_garage_v1_mesh_bbox
1780144299.099,0.496432,0.496432,0.496432,False,4591,4303,288,4657,1156,325,0.281142,0.500000,0,0,0,1,nearest_free_lawnmower_no_frontier_candidate,-1,42,1,0,0,branch_region,-23.817,-46.018,1.600,0.000,9.809,0.000,-16.050,-38.878,2.000,-15.817,-38.018,2.000,1.791,False,True,0,4591,1336,100,simulated_local_sensor_fallback_garage_v1_mesh_bbox
1780144299.349,0.503893,0.503893,0.503893,False,4660,4366,294,4588,1156,325,0.281142,0.500000,0,0,0,1,nearest_free_lawnmower_no_frontier_candidate,-1,43,2,0,0,branch_region,-23.817,-46.018,1.600,0.000,10.941,0.000,-16.036,-38.321,1.960,-31.817,-54.018,2.000,31.074,True,True,9,4660,1350,99,simulated_local_sensor_fallback_garage_v1_mesh_bbox
1780144299.599,0.509191,0.509191,0.509191,False,4709,4404,305,4539,1156,325,0.281142,0.500000,0,0,0,1,nearest_free_lawnmower_no_frontier_candidate,-1,43,2,0,0,branch_region,-23.817,-46.018,1.600,0.000,10.941,0.000,-16.750,-38.431,1.760,-31.817,-54.018,2.000,31.074,False,True,7,4709,1315,117,simulated_local_sensor_fallback_garage_v1_mesh_bbox
1780144299.849,0.509948,0.509948,0.509948,False,4716,4411,305,4532,1156,325,0.281142,0.500000,0,0,0,1,nearest_free_lawnmower_no_frontier_candidate,-1,44,2,0,0,branch_region,-23.817,-46.018,1.600,0.000,10.144,0.000,-17.335,-38.485,1.600,-31.817,-54.018,2.000,29.915,False,True,0,4716,1310,122,simulated_local_sensor_fallback_garage_v1_mesh_bbox
1780144300.099,0.509948,0.509948,0.509948,False,4716,4411,305,4532,1156,325,0.281142,0.500000,0,0,0,1,nearest_free_lawnmower_no_frontier_candidate,-1,44,2,0,0,branch_region,-23.817,-46.018,1.600,0.000,10.144,0.000,-18.085,-38.510,1.600,-31.817,-54.018,2.000,29.915,False,True,0,4716,1310,133,simulated_local_sensor_fallback_garage_v1_mesh_bbox
1780144300.349,0.509948,0.509948,0.509948,False,4716,4411,305,4532,1156,325,0.281142,0.500000,0,0,0,1,nearest_free_lawnmower_no_frontier_candidate,-1,45,2,0,0,branch_region,-23.817,-46.018,1.600,0.000,9.174,0.000,-18.219,-39.094,1.600,-31.817,-54.018,2.000,28.366,False,True,0,4716,1310,140,simulated_local_sensor_fallback_garage_v1_mesh_bbox
1780144300.599,0.509948,0.509948,0.509948,False,4716,4411,305,4532,1156,325,0.281142,0.500000,0,0,0,1,nearest_free_lawnmower_no_frontier_candidate,-1,45,2,0,0,branch_region,-23.817,-46.018,1.600,0.000,9.174,0.000,-18.276,-39.690,1.600,-31.817,-54.018,2.000,28.366,False,True,0,4716,1310,154,simulated_local_sensor_fallback_garage_v1_mesh_bbox
1780144300.849,0.509948,0.509948,0.509948,False,4716,4411,305,4532,1156,325,0.281142,0.500000,0,0,0,1,nearest_free_lawnmower_no_frontier_candidate,-1,46,2,0,0,branch_region,-23.817,-46.018,1.600,0.000,8.063,0.000,-18.302,-40.439,1.600,-31.817,-54.018,2.000,27.010,False,True,0,4716,1310,158,simulated_local_sensor_fallback_garage_v1_mesh_bbox
1780144301.099,0.510164,0.510164,0.510164,False,4718,4412,306,4530,1156,325,0.281142,0.500000,0,0,0,1,nearest_free_lawnmower_no_frontier_candidate,-1,46,2,0,0,branch_region,-23.817,-46.018,1.600,0.000,8.063,0.000,-18.312,-41.189,1.600,-31.817,-54.018,2.000,27.010,False,True,2,4718,1308,156,simulated_local_sensor_fallback_garage_v1_mesh_bbox
1780144301.348,0.510381,0.510381,0.510381,False,4720,4414,306,4528,1156,325,0.281142,0.500000,0,0,0,1,nearest_free_lawnmower_no_frontier_candidate,-1,47,2,0,0,branch_region,-23.817,-46.018,1.600,0.000,7.128,0.000,-18.315,-41.790,1.600,-31.817,-54.018,2.000,25.660,False,True,0,4720,1305,146,simulated_local_sensor_fallback_garage_v1_mesh_bbox
1780144301.599,0.510489,0.510489,0.510489,False,4721,4415,306,4527,1156,325,0.281142,0.500000,0,0,0,1,nearest_free_lawnmower_no_frontier_candidate,-1,47,2,0,0,branch_region,-23.817,-46.018,1.600,0.000,7.128,0.000,-18.461,-42.280,1.600,-31.817,-54.018,2.000,25.660,False,True,0,4721,1304,114,simulated_local_sensor_fallback_garage_v1_mesh_bbox
1780144301.849,0.510489,0.510489,0.510489,False,4721,4415,306,4527,1156,325,0.281142,0.500000,0,0,0,1,nearest_free_lawnmower_no_frontier_candidate,-1,48,2,0,0,branch_region,-23.817,-46.018,1.600,0.000,6.109,0.000,-19.194,-42.425,1.600,-31.817,-54.018,2.000,24.059,False,True,0,4721,1304,124,simulated_local_sensor_fallback_garage_v1_mesh_bbox
1780144302.099,0.510489,0.510489,0.510489,False,4721,4415,306,4527,1156,325,0.281142,0.500000,0,0,0,1,nearest_free_lawnmower_no_frontier_candidate,-1,48,2,0,0,branch_region,-23.817,-46.018,1.600,0.000,6.109,0.000,-19.941,-42.487,1.600,-31.817,-54.018,2.000,24.059,False,True,0,4721,1304,123,simulated_local_sensor_fallback_garage_v1_mesh_bbox
1780144302.349,0.510489,0.510489,0.510489,False,4721,4415,306,4527,1156,325,0.281142,0.500000,0,0,0,1,nearest_free_lawnmower_no_frontier_candidate,-1,49,2,0,0,branch_region,-23.817,-46.018,1.600,0.000,5.015,0.000,-20.540,-42.506,1.600,-31.817,-54.018,2.000,22.707,False,True,0,4721,1304,109,simulated_local_sensor_fallback_garage_v1_mesh_bbox
1780144302.599,0.510489,0.510489,0.510489,False,4721,4415,306,4527,1156,325,0.281142,0.500000,0,0,0,1,nearest_free_lawnmower_no_frontier_candidate,-1,49,2,0,0,branch_region,-23.817,-46.018,1.600,0.000,5.015,0.000,-21.141,-42.514,1.600,-31.817,-54.018,2.000,22.707,False,True,0,4721,1304,114,simulated_local_sensor_fallback_garage_v1_mesh_bbox
1780144302.848,0.510489,0.510489,0.510489,False,4721,4415,306,4527,1156,325,0.281142,0.500000,0,0,0,1,nearest_free_lawnmower_no_frontier_candidate,-1,50,2,0,0,branch_region,-23.817,-46.018,1.600,0.000,4.150,0.000,-21.891,-42.516,1.600,-31.817,-54.018,2.000,21.357,False,True,0,4721,1304,118,simulated_local_sensor_fallback_garage_v1_mesh_bbox
1780144303.099,0.510489,0.510489,0.510489,False,4721,4415,306,4527,1156,325,0.281142,0.500000,0,0,0,1,nearest_free_lawnmower_no_frontier_candidate,-1,50,2,0,0,branch_region,-23.817,-46.018,1.600,0.000,4.150,0.000,-22.490,-42.517,1.600,-31.817,-54.018,2.000,21.357,False,True,0,4721,1304,117,simulated_local_sensor_fallback_garage_v1_mesh_bbox
1780144303.348,0.510489,0.510489,0.510489,False,4721,4415,306,4527,1156,325,0.281142,0.500000,0,0,0,1,nearest_free_lawnmower_no_frontier_candidate,-1,51,2,0,0,branch_region,-23.817,-46.018,1.600,0.000,3.608,0.000,-23.241,-42.518,1.600,-31.817,-54.018,2.000,20.007,False,True,0,4721,1304,112,simulated_local_sensor_fallback_garage_v1_mesh_bbox
1780144303.599,0.510489,0.510489,0.510489,False,4721,4415,306,4527,1156,325,0.281142,0.500000,0,0,0,1,nearest_free_lawnmower_no_frontier_candidate,-1,51,2,0,0,branch_region,-23.817,-46.018,1.600,0.000,3.608,0.000,-23.991,-42.518,1.600,-31.817,-54.018,2.000,20.007,False,True,0,4721,1304,112,simulated_local_sensor_fallback_garage_v1_mesh_bbox
1780144303.848,0.510489,0.510489,0.510489,False,4721,4415,306,4527,1156,325,0.281142,0.500000,0,0,0,1,nearest_free_lawnmower_no_frontier_candidate,-1,52,2,0,0,branch_region,-23.817,-46.018,1.600,0.000,3.532,0.000,-24.591,-42.518,1.600,-31.817,-54.018,2.000,18.657,False,True,0,4721,1304,105,simulated_local_sensor_fallback_garage_v1_mesh_bbox
1780144304.098,0.510489,0.510489,0.510489,False,4721,4415,306,4527,1156,325,0.281142,0.500000,0,0,0,1,nearest_free_lawnmower_no_frontier_candidate,-1,52,2,0,0,branch_region,-23.817,-46.018,1.600,0.000,3.532,0.000,-25.191,-42.518,1.600,-31.817,-54.018,2.000,18.657,False,True,0,4721,1304,100,simulated_local_sensor_fallback_garage_v1_mesh_bbox
1780144304.349,0.510597,0.510597,0.510597,False,4722,4416,306,4526,1156,325,0.281142,0.500000,0,0,0,1,nearest_free_lawnmower_no_frontier_candidate,-1,53,2,0,0,branch_region,-23.817,-46.018,1.600,0.000,3.947,0.000,-25.941,-42.518,1.600,-31.817,-54.018,2.000,17.307,False,True,0,4722,1304,111,simulated_local_sensor_fallback_garage_v1_mesh_bbox
1780144304.599,0.510921,0.510921,0.510921,False,4725,4419,306,4523,1156,325,0.281142,0.500000,0,0,0,1,nearest_free_lawnmower_no_frontier_candidate,-1,53,2,0,0,branch_region,-23.817,-46.018,1.600,0.000,3.947,0.000,-26.541,-42.518,1.600,-31.817,-54.018,2.000,17.307,False,True,1,4725,1304,127,simulated_local_sensor_fallback_garage_v1_mesh_bbox
1780144304.849,0.511462,0.511462,0.511462,False,4730,4424,306,4518,1156,325,0.281142,0.500000,0,0,0,1,nearest_free_lawnmower_no_frontier_candidate,-1,54,2,0,0,branch_region,-23.817,-46.018,1.600,0.000,4.725,0.000,-27.291,-42.518,1.600,-31.817,-54.018,2.000,15.957,False,True,1,4730,1309,126,simulated_local_sensor_fallback_garage_v1_mesh_bbox
1780144305.099,0.512327,0.512327,0.512327,False,4738,4432,306,4510,1156,325,0.281142,0.500000,0,0,0,1,nearest_free_lawnmower_no_frontier_candidate,-1,54,2,0,0,branch_region,-23.817,-46.018,1.600,0.000,4.725,0.000,-28.041,-42.518,1.600,-31.817,-54.018,2.000,15.957,False,True,0,4738,1317,123,simulated_local_sensor_fallback_garage_v1_mesh_bbox
1780144305.349,0.513949,0.513949,0.513949,False,4753,4447,306,4495,1156,325,0.281142,0.500000,0,0,0,1,nearest_free_lawnmower_no_frontier_candidate,-1,55,2,0,0,branch_region,-23.817,-46.018,1.600,0.000,5.720,0.000,-28.428,-42.806,1.625,-31.817,-54.018,2.000,12.021,False,True,2,4753,1331,120,simulated_local_sensor_fallback_garage_v1_mesh_bbox
1780144305.599,0.515138,0.515138,0.515138,False,4764,4458,306,4484,1156,325,0.281142,0.500000,0,0,0,1,nearest_free_lawnmower_no_frontier_candidate,-1,55,2,0,0,branch_region,-23.817,-46.018,1.600,0.000,5.720,0.000,-28.601,-43.380,1.650,-31.817,-54.018,2.000,12.021,False,True,0,4764,1336,121,simulated_local_sensor_fallback_garage_v1_mesh_bbox
1780144305.849,0.516760,0.516760,0.516760,False,4779,4473,306,4469,1156,325,0.281142,0.500000,0,0,0,1,nearest_free_lawnmower_no_frontier_candidate,-1,56,2,0,0,branch_region,-23.817,-46.018,1.600,0.000,5.409,0.000,-28.775,-43.953,1.675,-31.817,-54.018,2.000,10.820,False,True,0,4779,1343,126,simulated_local_sensor_fallback_garage_v1_mesh_bbox
1780144306.099,0.518599,0.518599,0.518599,False,4796,4487,309,4452,1156,325,0.281142,0.500000,0,0,0,1,nearest_free_lawnmower_no_frontier_candidate,-1,56,2,0,0,branch_region,-23.817,-46.018,1.600,0.000,5.409,0.000,-28.948,-44.528,1.700,-31.817,-54.018,2.000,10.820,False,True,3,4796,1348,131,simulated_local_sensor_fallback_garage_v1_mesh_bbox
1780144306.349,0.520978,0.520978,0.520978,False,4818,4509,309,4430,1156,325,0.281142,0.500000,0,0,0,1,nearest_free_lawnmower_no_frontier_candidate,-1,57,2,0,0,branch_region,-23.817,-46.018,1.600,0.000,5.356,0.000,-29.122,-45.102,1.725,-31.817,-54.018,2.000,9.620,False,True,0,4818,1357,135,simulated_local_sensor_fallback_garage_v1_mesh_bbox
1780144306.599,0.522383,0.522383,0.522383,False,4831,4522,309,4417,1156,325,0.281142,0.500000,0,0,0,1,nearest_free_lawnmower_no_frontier_candidate,-1,57,2,0,0,branch_region,-23.817,-46.018,1.600,0.000,5.356,0.000,-29.295,-45.676,1.750,-31.817,-54.018,2.000,9.620,False,True,0,4831,1361,137,simulated_local_sensor_fallback_garage_v1_mesh_bbox
1780144306.849,0.524438,0.524438,0.524438,False,4850,4538,312,4398,1156,325,0.281142,0.500000,0,0,0,1,nearest_free_lawnmower_no_frontier_candidate,-1,58,2,0,0,branch_region,-23.817,-46.018,1.600,0.000,5.611,0.000,-29.512,-46.394,1.773,-31.817,-54.018,2.000,8.269,False,True,4,4850,1365,134,simulated_local_sensor_fallback_garage_v1_mesh_bbox
1780144307.099,0.529736,0.529736,0.529736,False,4899,4587,312,4349,1156,325,0.281142,0.500000,0,0,0,1,nearest_free_lawnmower_no_frontier_candidate,-1,58,2,0,0,branch_region,-23.817,-46.018,1.600,0.000,5.611,0.000,-29.686,-46.968,1.795,-31.817,-54.018,2.000,8.269,False,True,29,4899,1390,134,simulated_local_sensor_fallback_garage_v1_mesh_bbox
1780144307.349,0.532980,0.532980,0.532980,False,4929,4615,314,4319,1156,325,0.281142,0.500000,0,0,0,1,nearest_free_lawnmower_no_frontier_candidate,-1,59,2,0,0,branch_region,-23.817,-46.018,1.600,0.000,6.086,0.000,-29.860,-47.542,1.818,-31.817,-54.018,2.000,7.068,False,True,0,4929,1401,144,simulated_local_sensor_fallback_garage_v1_mesh_bbox
1780144307.599,0.538711,0.538711,0.538711,False,4982,4660,322,4266,1156,325,0.281142,0.500000,0,0,0,1,nearest_free_lawnmower_no_frontier_candidate,-1,59,2,0,0,branch_region,-23.817,-46.018,1.600,0.000,6.086,0.000,-30.033,-48.117,1.841,-31.817,-54.018,2.000,7.068,False,True,13,4982,1426,148,simulated_local_sensor_fallback_garage_v1_mesh_bbox
1780144307.849,0.548984,0.548984,0.548984,False,5077,4747,330,4171,1156,325,0.281142,0.500000,0,0,0,1,nearest_free_lawnmower_no_frontier_candidate,-1,60,2,0,0,branch_region,-23.817,-46.018,1.600,0.000,6.836,0.000,-30.250,-48.834,1.864,-31.817,-54.018,2.000,5.718,False,True,10,5077,1435,149,simulated_local_sensor_fallback_garage_v1_mesh_bbox
1780144308.099,0.552876,0.552876,0.552876,False,5113,4782,331,4135,1156,325,0.281142,0.500000,0,0,0,1,nearest_free_lawnmower_no_frontier_candidate,-1,60,2,0,0,branch_region,-23.817,-46.018,1.600,0.000,6.836,0.000,-30.424,-49.409,1.886,-31.817,-54.018,2.000,5.718,False,True,0,5113,1453,135,simulated_local_sensor_fallback_garage_v1_mesh_bbox
1780144308.349,0.562392,0.562392,0.562392,False,5201,4867,334,4047,1156,325,0.281142,0.500000,0,0,0,1,nearest_free_lawnmower_no_frontier_candidate,-1,61,2,0,0,branch_region,-23.817,-46.018,1.600,0.000,7.750,0.000,-30.641,-50.126,1.909,-31.817,-54.018,2.000,4.367,False,True,27,5201,1480,124,simulated_local_sensor_fallback_garage_v1_mesh_bbox
1780144308.599,0.570069,0.570069,0.570069,False,5272,4938,334,3976,1156,325,0.281142,0.500000,0,0,0,1,nearest_free_lawnmower_no_frontier_candidate,-1,61,2,0,0,branch_region,-23.817,-46.018,1.600,0.000,7.750,0.000,-30.814,-50.700,1.932,-31.817,-54.018,2.000,4.367,False,True,0,5272,1519,116,simulated_local_sensor_fallback_garage_v1_mesh_bbox
1780144308.849,0.580017,0.580017,0.580017,False,5364,5029,335,3884,1156,325,0.281142,0.500000,0,0,0,1,nearest_free_lawnmower_no_frontier_candidate,-1,62,2,0,0,branch_region,-23.817,-46.018,1.600,0.000,8.778,0.000,-31.031,-51.418,1.949,-31.817,-54.018,2.000,3.017,False,True,9,5364,1571,120,simulated_local_sensor_fallback_garage_v1_mesh_bbox
1780144309.099,0.586397,0.586397,0.586397,False,5423,5085,338,3825,1156,325,0.281142,0.500000,0,0,0,1,nearest_free_lawnmower_no_frontier_candidate,-1,62,2,0,0,branch_region,-23.817,-46.018,1.600,0.000,8.778,0.000,-31.205,-51.992,1.966,-31.817,-54.018,2.000,3.017,False,True,13,5423,1601,122,simulated_local_sensor_fallback_garage_v1_mesh_bbox
1780144309.349,0.589425,0.589425,0.589425,False,5451,5111,340,3797,1156,325,0.281142,0.500000,0,0,0,1,nearest_free_lawnmower_no_frontier_candidate,-1,63,2,0,0,branch_region,-23.817,-46.018,1.600,0.000,9.757,0.000,-31.378,-52.566,1.983,-31.817,-54.018,2.000,1.817,False,True,0,5451,1605,141,simulated_local_sensor_fallback_garage_v1_mesh_bbox
1780144309.599,0.592452,0.592452,0.592452,False,5479,5136,343,3769,1156,325,0.281142,0.500000,0,0,0,1,nearest_free_lawnmower_no_frontier_candidate,-1,63,2,0,0,branch_region,-23.817,-46.018,1.600,0.000,9.757,0.000,-31.552,-53.141,2.000,-31.817,-54.018,2.000,1.817,False,True,0,5479,1609,166,simulated_local_sensor_fallback_garage_v1_mesh_bbox
1780144309.849,0.597102,0.597102,0.597102,False,5522,5179,343,3726,1156,325,0.281142,0.500000,0,0,0,1,nearest_free_lawnmower_no_frontier_candidate,-1,64,2,0,0,branch_region,-23.817,-46.018,1.600,0.000,10.912,0.000,-31.610,-53.280,2.000,-27.817,-38.018,2.000,16.026,True,True,6,5522,1624,153,simulated_local_sensor_fallback_garage_v1_mesh_bbox
1780144310.099,0.597102,0.597102,0.597102,False,5522,5179,343,3726,1156,325,0.281142,0.500000,0,0,0,1,nearest_free_lawnmower_no_frontier_candidate,-1,64,2,0,0,branch_region,-23.817,-46.018,1.600,0.000,10.912,0.000,-31.465,-52.698,2.000,-27.817,-38.018,2.000,16.026,False,True,0,5522,1624,148,simulated_local_sensor_fallback_garage_v1_mesh_bbox
1780144310.349,0.599157,0.599157,0.599157,False,5541,5198,343,3707,1156,325,0.281142,0.500000,0,0,0,1,nearest_free_lawnmower_no_frontier_candidate,-1,65,2,0,0,branch_region,-23.817,-46.018,1.600,0.000,9.918,0.000,-31.320,-52.116,2.000,-27.817,-38.018,2.000,14.826,False,True,0,5541,1604,131,simulated_local_sensor_fallback_garage_v1_mesh_bbox
1780144310.599,0.601968,0.601968,0.601968,False,5567,5223,344,3681,1156,325,0.281142,0.500000,0,0,0,1,nearest_free_lawnmower_no_frontier_candidate,-1,65,2,0,0,branch_region,-23.817,-46.018,1.600,0.000,9.918,0.000,-31.176,-51.533,2.000,-27.817,-38.018,2.000,14.826,False,True,5,5567,1585,109,simulated_local_sensor_fallback_garage_v1_mesh_bbox
1780144310.849,0.603374,0.603374,0.603374,False,5580,5236,344,3668,1156,325,0.281142,0.500000,0,0,0,1,nearest_free_lawnmower_no_frontier_candidate,-1,66,2,0,0,branch_region,-23.817,-46.018,1.600,0.000,8.861,0.000,-30.995,-50.805,2.000,-27.817,-38.018,2.000,13.477,False,True,3,5580,1583,101,simulated_local_sensor_fallback_garage_v1_mesh_bbox
1780144311.099,0.603590,0.603590,0.603590,False,5582,5238,344,3666,1156,325,0.281142,0.500000,0,0,0,1,nearest_free_lawnmower_no_frontier_candidate,-1,66,2,0,0,branch_region,-23.817,-46.018,1.600,0.000,8.861,0.000,-30.850,-50.224,2.000,-27.817,-38.018,2.000,13.477,False,True,1,5582,1583,104,simulated_local_sensor_fallback_garage_v1_mesh_bbox
1780144311.349,0.603914,0.603914,0.603914,False,5585,5241,344,3663,1156,325,0.281142,0.500000,0,0,0,1,nearest_free_lawnmower_no_frontier_candidate,-1,67,2,0,0,branch_region,-23.817,-46.018,1.600,0.000,7.894,0.000,-30.669,-49.496,2.000,-27.817,-38.018,2.000,12.127,False,True,1,5585,1583,107,simulated_local_sensor_fallback_garage_v1_mesh_bbox
1780144311.599,0.604239,0.604239,0.604239,False,5588,5244,344,3660,1156,325,0.281142,0.500000,0,0,0,1,nearest_free_lawnmower_no_frontier_candidate,-1,67,2,0,0,branch_region,-23.817,-46.018,1.600,0.000,7.894,0.000,-30.525,-48.914,2.000,-27.817,-38.018,2.000,12.127,False,True,3,5588,1583,119,simulated_local_sensor_fallback_garage_v1_mesh_bbox
1780144311.849,0.604455,0.604455,0.604455,False,5590,5246,344,3658,1156,325,0.281142,0.500000,0,0,0,1,nearest_free_lawnmower_no_frontier_candidate,-1,68,2,0,0,branch_region,-23.817,-46.018,1.600,0.000,7.140,0.000,-30.380,-48.332,2.000,-27.817,-38.018,2.000,10.928,False,True,0,5590,1579,129,simulated_local_sensor_fallback_garage_v1_mesh_bbox
1780144312.099,0.604563,0.604563,0.604563,False,5591,5247,344,3657,1156,325,0.281142,0.500000,0,0,0,1,nearest_free_lawnmower_no_frontier_candidate,-1,68,2,0,0,branch_region,-23.817,-46.018,1.600,0.000,7.140,0.000,-30.235,-47.750,2.000,-27.817,-38.018,2.000,10.928,False,True,0,5591,1577,127,simulated_local_sensor_fallback_garage_v1_mesh_bbox
1780144312.349,0.604671,0.604671,0.604671,False,5592,5248,344,3656,1156,325,0.281142,0.500000,0,0,0,1,nearest_free_lawnmower_no_frontier_candidate,-1,69,2,0,0,branch_region,-23.817,-46.018,1.600,0.000,6.454,0.000,-30.054,-47.022,2.000,-27.817,-38.018,2.000,9.578,False,True,0,5592,1578,122,simulated_local_sensor_fallback_garage_v1_mesh_bbox
1780144312.599,0.605536,0.605536,0.605536,False,5600,5256,344,3648,1156,325,0.281142,0.500000,0,0,0,1,nearest_free_lawnmower_no_frontier_candidate,-1,69,2,0,0,branch_region,-23.817,-46.018,1.600,0.000,6.454,0.000,-29.910,-46.440,2.000,-27.817,-38.018,2.000,9.578,False,True,1,5600,1579,121,simulated_local_sensor_fallback_garage_v1_mesh_bbox
1780144312.849,0.607591,0.607591,0.607591,False,5619,5275,344,3629,1156,325,0.281142,0.500000,0,0,0,1,nearest_free_lawnmower_no_frontier_candidate,-1,70,2,0,0,branch_region,-23.817,-46.018,1.600,0.000,5.998,0.000,-29.729,-45.712,2.000,-27.817,-38.018,2.000,8.228,False,True,6,5619,1577,121,simulated_local_sensor_fallback_garage_v1_mesh_bbox
1780144313.099,0.608997,0.608997,0.608997,False,5632,5288,344,3616,1156,325,0.281142,0.500000,0,0,0,1,nearest_free_lawnmower_no_frontier_candidate,-1,70,2,0,0,branch_region,-23.817,-46.018,1.600,0.000,5.998,0.000,-29.584,-45.130,2.000,-27.817,-38.018,2.000,8.228,False,True,0,5632,1579,120,simulated_local_sensor_fallback_garage_v1_mesh_bbox
1780144313.349,0.611700,0.611700,0.611700,False,5657,5313,344,3591,1156,325,0.281142,0.500000,0,0,0,1,nearest_free_lawnmower_no_frontier_candidate,-1,71,2,0,0,branch_region,-23.817,-46.018,1.600,0.000,5.826,0.000,-29.403,-44.401,2.000,-27.817,-38.018,2.000,6.878,False,True,2,5657,1583,116,simulated_local_sensor_fallback_garage_v1_mesh_bbox
1780144313.599,0.613971,0.613971,0.613971,False,5678,5334,344,3570,1156,325,0.281142,0.500000,0,0,0,1,nearest_free_lawnmower_no_frontier_candidate,-1,71,2,0,0,branch_region,-23.817,-46.018,1.600,0.000,5.826,0.000,-29.259,-43.819,2.000,-27.817,-38.018,2.000,6.878,False,True,8,5678,1585,109,simulated_local_sensor_fallback_garage_v1_mesh_bbox
1780144313.849,0.615701,0.615701,0.615701,False,5694,5350,344,3554,1156,325,0.281142,0.500000,0,0,0,1,nearest_free_lawnmower_no_frontier_candidate,-1,72,2,0,0,branch_region,-23.817,-46.018,1.600,0.000,5.932,0.000,-29.114,-43.237,2.000,-27.817,-38.018,2.000,5.678,False,True,0,5694,1587,108,simulated_local_sensor_fallback_garage_v1_mesh_bbox
1780144314.099,0.616458,0.616458,0.616458,False,5701,5357,344,3547,1156,325,0.281142,0.500000,0,0,0,1,nearest_free_lawnmower_no_frontier_candidate,-1,72,2,0,0,branch_region,-23.817,-46.018,1.600,0.000,5.932,0.000,-28.969,-42.654,2.000,-27.817,-38.018,2.000,5.678,False,True,0,5701,1587,106,simulated_local_sensor_fallback_garage_v1_mesh_bbox
1780144314.349,0.617863,0.617863,0.617863,False,5714,5370,344,3534,1156,325,0.281142,0.500000,0,0,0,1,nearest_free_lawnmower_no_frontier_candidate,-1,73,2,0,0,branch_region,-23.817,-46.018,1.600,0.000,6.328,0.000,-28.788,-41.927,2.000,-27.817,-38.018,2.000,4.328,False,True,1,5714,1588,101,simulated_local_sensor_fallback_garage_v1_mesh_bbox
1780144314.599,0.619053,0.619053,0.619053,False,5725,5381,344,3523,1156,325,0.281142,0.500000,0,0,0,1,nearest_free_lawnmower_no_frontier_candidate,-1,73,2,0,0,branch_region,-23.817,-46.018,1.600,0.000,6.328,0.000,-28.644,-41.344,2.000,-27.817,-38.018,2.000,4.328,False,True,0,5725,1580,107,simulated_local_sensor_fallback_garage_v1_mesh_bbox
1780144314.849,0.620134,0.620134,0.620134,False,5735,5391,344,3513,1156,325,0.281142,0.500000,0,0,0,1,nearest_free_lawnmower_no_frontier_candidate,-1,74,2,0,0,branch_region,-23.817,-46.018,1.600,0.000,6.967,0.000,-28.463,-40.617,2.000,-27.817,-38.018,2.000,2.978,False,True,3,5735,1580,109,simulated_local_sensor_fallback_garage_v1_mesh_bbox
1780144315.098,0.621540,0.621540,0.621540,False,5748,5404,344,3500,1156,325,0.281142,0.500000,0,0,0,1,nearest_free_lawnmower_no_frontier_candidate,-1,74,2,0,0,branch_region,-23.817,-46.018,1.600,0.000,6.967,0.000,-28.318,-40.033,2.000,-27.817,-38.018,2.000,2.978,False,True,2,5748,1581,117,simulated_local_sensor_fallback_garage_v1_mesh_bbox
1780144315.349,0.622729,0.622729,0.622729,False,5759,5415,344,3489,1156,325,0.281142,0.500000,0,0,0,1,nearest_free_lawnmower_no_frontier_candidate,-1,75,2,0,0,branch_region,-23.817,-46.018,1.600,0.000,7.790,0.000,-28.137,-39.306,2.000,-27.817,-38.018,2.000,1.627,False,True,2,5759,1581,111,simulated_local_sensor_fallback_garage_v1_mesh_bbox
1780144315.599,0.623702,0.623702,0.623702,False,5768,5424,344,3480,1156,325,0.281142,0.500000,0,0,0,1,nearest_free_lawnmower_no_frontier_candidate,-1,75,2,0,0,branch_region,-23.817,-46.018,1.600,0.000,7.790,0.000,-27.992,-38.724,2.000,-27.817,-38.018,2.000,1.627,False,True,0,5768,1575,107,simulated_local_sensor_fallback_garage_v1_mesh_bbox
1780144315.849,0.625973,0.625973,0.625973,False,5789,5445,344,3459,1156,325,0.281142,0.500000,0,0,0,1,nearest_free_lawnmower_no_frontier_candidate,-1,76,3,0,0,branch_region,-23.817,-46.018,1.600,0.000,8.744,0.000,-27.931,-38.422,1.960,-23.817,-54.018,2.000,20.177,True,True,3,5789,1567,101,simulated_local_sensor_fallback_garage_v1_mesh_bbox
1780144316.099,0.625973,0.625973,0.625973,False,5789,5445,344,3459,1156,325,0.281142,0.500000,0,0,0,1,nearest_free_lawnmower_no_frontier_candidate,-1,76,3,0,0,branch_region,-23.817,-46.018,1.600,0.000,8.744,0.000,-28.168,-39.096,1.760,-23.817,-54.018,2.000,20.177,False,True,0,5789,1567,130,simulated_local_sensor_fallback_garage_v1_mesh_bbox
1780144316.349,0.625973,0.625973,0.625973,False,5789,5445,344,3459,1156,325,0.281142,0.500000,0,0,0,1,nearest_free_lawnmower_no_frontier_candidate,-1,77,3,0,0,branch_region,-23.817,-46.018,1.600,0.000,7.972,0.000,-28.251,-39.676,1.600,-23.817,-54.018,2.000,18.959,False,True,0,5789,1567,137,simulated_local_sensor_fallback_garage_v1_mesh_bbox
1780144316.599,0.625973,0.625973,0.625973,False,5789,5445,344,3459,1156,325,0.281142,0.500000,0,0,0,1,nearest_free_lawnmower_no_frontier_candidate,-1,77,3,0,0,branch_region,-23.817,-46.018,1.600,0.000,7.972,0.000,-28.298,-40.275,1.600,-23.817,-54.018,2.000,18.959,False,True,0,5789,1567,144,simulated_local_sensor_fallback_garage_v1_mesh_bbox
1780144316.849,0.625973,0.625973,0.625973,False,5789,5445,344,3459,1156,325,0.281142,0.500000,0,0,0,1,nearest_free_lawnmower_no_frontier_candidate,-1,78,3,0,0,branch_region,-23.817,-46.018,1.600,0.000,6.939,0.000,-28.309,-41.024,1.600,-23.817,-54.018,2.000,17.605,False,True,0,5789,1567,140,simulated_local_sensor_fallback_garage_v1_mesh_bbox
1780144317.099,0.625973,0.625973,0.625973,False,5789,5445,344,3459,1156,325,0.281142,0.500000,0,0,0,1,nearest_free_lawnmower_no_frontier_candidate,-1,78,3,0,0,branch_region,-23.817,-46.018,1.600,0.000,6.939,0.000,-28.313,-41.625,1.600,-23.817,-54.018,2.000,17.605,False,True,0,5789,1567,128,simulated_local_sensor_fallback_garage_v1_mesh_bbox
1780144317.349,0.625973,0.625973,0.625973,False,5789,5445,344,3459,1156,325,0.281142,0.500000,0,0,0,1,nearest_free_lawnmower_no_frontier_candidate,-1,79,3,0,0,branch_region,-23.817,-46.018,1.600,0.000,5.982,0.000,-28.316,-42.375,1.600,-23.817,-54.018,2.000,16.256,False,True,0,5789,1567,122,simulated_local_sensor_fallback_garage_v1_mesh_bbox
1780144317.599,0.625973,0.625973,0.625973,False,5789,5445,344,3459,1156,325,0.281142,0.500000,0,0,0,1,nearest_free_lawnmower_no_frontier_candidate,-1,79,3,0,0,branch_region,-23.817,-46.018,1.600,0.000,5.982,0.000,-28.317,-43.125,1.600,-23.817,-54.018,2.000,16.256,False,True,0,5789,1567,122,simulated_local_sensor_fallback_garage_v1_mesh_bbox
1780144317.849,0.625973,0.625973,0.625973,False,5789,5445,344,3459,1156,325,0.281142,0.500000,0,0,0,1,nearest_free_lawnmower_no_frontier_candidate,-1,80,3,0,0,branch_region,-23.817,-46.018,1.600,0.000,5.193,0.000,-28.317,-43.725,1.600,-23.817,-54.018,2.000,14.905,False,True,0,5789,1567,123,simulated_local_sensor_fallback_garage_v1_mesh_bbox
1780144318.099,0.625973,0.625973,0.625973,False,5789,5445,344,3459,1156,325,0.281142,0.500000,0,0,0,1,nearest_free_lawnmower_no_frontier_candidate,-1,80,3,0,0,branch_region,-23.817,-46.018,1.600,0.000,5.193,0.000,-28.317,-44.325,1.600,-23.817,-54.018,2.000,14.905,False,True,0,5789,1567,124,simulated_local_sensor_fallback_garage_v1_mesh_bbox
1780144318.349,0.625973,0.625973,0.625973,False,5789,5445,344,3459,1156,325,0.281142,0.500000,0,0,0,1,nearest_free_lawnmower_no_frontier_candidate,-1,80,3,0,0,branch_region,-23.817,-46.018,1.600,0.000,4.668,0.000,-28.317,-45.075,1.600,-23.817,-54.018,2.000,13.555,False,True,0,5789,1567,134,simulated_local_sensor_fallback_garage_v1_mesh_bbox
1780144318.599,0.625973,0.625973,0.625973,False,5789,5445,344,3459,1156,325,0.281142,0.500000,0,0,0,1,nearest_free_lawnmower_no_frontier_candidate,-1,80,3,0,0,branch_region,-23.817,-46.018,1.600,0.000,4.668,0.000,-28.317,-45.675,1.600,-23.817,-54.018,2.000,13.555,False,True,0,5789,1567,137,simulated_local_sensor_fallback_garage_v1_mesh_bbox
1780144318.848,0.625973,0.625973,0.625973,False,5789,5445,344,3459,1156,325,0.281142,0.500000,0,0,0,1,nearest_free_lawnmower_no_frontier_candidate,-1,80,3,0,0,branch_region,-23.817,-46.018,1.600,0.000,4.501,0.000,-28.317,-46.425,1.600,-23.817,-54.018,2.000,12.205,False,True,0,5789,1567,135,simulated_local_sensor_fallback_garage_v1_mesh_bbox
1780144319.099,0.625973,0.625973,0.625973,False,5789,5445,344,3459,1156,325,0.281142,0.500000,0,0,0,1,nearest_free_lawnmower_no_frontier_candidate,-1,80,3,0,0,branch_region,-23.817,-46.018,1.600,0.000,4.501,0.000,-28.317,-47.175,1.600,-23.817,-54.018,2.000,12.205,False,True,0,5789,1567,139,simulated_local_sensor_fallback_garage_v1_mesh_bbox
1780144319.349,0.625973,0.625973,0.625973,False,5789,5445,344,3459,1156,325,0.281142,0.500000,0,0,0,1,nearest_free_lawnmower_no_frontier_candidate,-1,80,3,0,0,branch_region,-23.817,-46.018,1.600,0.000,4.730,0.000,-28.317,-47.774,1.600,-23.817,-54.018,2.000,10.856,False,True,0,5789,1567,146,simulated_local_sensor_fallback_garage_v1_mesh_bbox
1780144319.599,0.625973,0.625973,0.625973,False,5789,5445,344,3459,1156,325,0.281142,0.500000,0,0,0,1,nearest_free_lawnmower_no_frontier_candidate,-1,80,3,0,0,branch_region,-23.817,-46.018,1.600,0.000,4.730,0.000,-28.317,-48.375,1.600,-23.817,-54.018,2.000,10.856,False,True,0,5789,1567,152,simulated_local_sensor_fallback_garage_v1_mesh_bbox
1780144319.849,0.625973,0.625973,0.625973,False,5789,5445,344,3459,1156,325,0.281142,0.500000,0,0,0,1,nearest_free_lawnmower_no_frontier_candidate,-1,80,3,0,0,branch_region,-23.817,-46.018,1.600,0.000,5.304,0.000,-28.121,-49.051,1.644,-23.817,-54.018,2.000,6.883,False,True,0,5789,1567,141,simulated_local_sensor_fallback_garage_v1_mesh_bbox
1780144320.099,0.625973,0.625973,0.625973,False,5789,5445,344,3459,1156,325,0.281142,0.500000,0,0,0,1,nearest_free_lawnmower_no_frontier_candidate,-1,80,3,0,0,branch_region,-23.817,-46.018,1.600,0.000,5.304,0.000,-27.728,-49.505,1.689,-23.817,-54.018,2.000,6.883,False,True,0,5789,1567,137,simulated_local_sensor_fallback_garage_v1_mesh_bbox
1780144320.349,0.626189,0.626189,0.626189,False,5791,5447,344,3457,1156,325,0.281142,0.500000,0,0,0,1,nearest_free_lawnmower_no_frontier_candidate,-1,80,3,0,0,branch_region,-23.817,-46.018,1.600,0.000,5.253,0.000,-27.335,-49.958,1.733,-23.817,-54.018,2.000,5.680,False,True,0,5791,1565,133,simulated_local_sensor_fallback_garage_v1_mesh_bbox
1780144320.599,0.626298,0.626298,0.626298,False,5792,5448,344,3456,1156,325,0.281142,0.500000,0,0,0,1,nearest_free_lawnmower_no_frontier_candidate,-1,80,3,0,0,branch_region,-23.817,-46.018,1.600,0.000,5.253,0.000,-26.942,-50.411,1.778,-23.817,-54.018,2.000,5.680,False,True,0,5792,1563,128,simulated_local_sensor_fallback_garage_v1_mesh_bbox
1780144320.849,0.626298,0.626298,0.626298,False,5792,5448,344,3456,1156,325,0.281142,0.500000,0,0,0,1,nearest_free_lawnmower_no_frontier_candidate,-1,80,3,0,0,branch_region,-23.817,-46.018,1.600,0.000,5.518,0.000,-26.451,-50.978,1.822,-23.817,-54.018,2.000,4.329,False,True,0,5792,1563,117,simulated_local_sensor_fallback_garage_v1_mesh_bbox
1780144321.098,0.626514,0.626514,0.626514,False,5794,5450,344,3454,1156,325,0.281142,0.500000,0,0,0,1,nearest_free_lawnmower_no_frontier_candidate,-1,80,3,0,0,branch_region,-23.817,-46.018,1.600,0.000,5.518,0.000,-26.058,-51.432,1.867,-23.817,-54.018,2.000,4.329,False,True,0,5794,1563,106,simulated_local_sensor_fallback_garage_v1_mesh_bbox
1780144321.349,0.627487,0.627487,0.627487,False,5803,5459,344,3445,1156,325,0.281142,0.500000,0,0,0,1,nearest_free_lawnmower_no_frontier_candidate,-1,80,3,0,0,branch_region,-23.817,-46.018,1.600,0.000,6.080,0.000,-25.567,-51.998,1.911,-23.817,-54.018,2.000,2.975,False,True,3,5803,1560,107,simulated_local_sensor_fallback_garage_v1_mesh_bbox
1780144321.599,0.628785,0.628785,0.628785,False,5815,5471,344,3433,1156,325,0.281142,0.500000,0,0,0,1,nearest_free_lawnmower_no_frontier_candidate,-1,80,3,0,0,branch_region,-23.817,-46.018,1.600,0.000,6.080,0.000,-25.174,-52.452,1.951,-23.817,-54.018,2.000,2.975,False,True,3,5815,1561,111,simulated_local_sensor_fallback_garage_v1_mesh_bbox
1780144321.849,0.629974,0.629974,0.629974,False,5826,5482,344,3422,1156,325,0.281142,0.500000,0,0,0,1,nearest_free_lawnmower_no_frontier_candidate,-1,80,3,0,0,branch_region,-23.817,-46.018,1.600,0.000,6.866,0.000,-24.683,-53.019,1.978,-23.817,-54.018,2.000,1.623,False,True,2,5826,1554,110,simulated_local_sensor_fallback_garage_v1_mesh_bbox
1780144322.099,0.631163,0.631163,0.631163,False,5837,5492,345,3411,1156,325,0.281142,0.500000,0,0,0,1,nearest_free_lawnmower_no_frontier_candidate,-1,80,3,0,0,branch_region,-23.817,-46.018,1.600,0.000,6.866,0.000,-24.290,-53.472,2.000,-23.817,-54.018,2.000,1.623,False,True,0,5837,1556,113,simulated_local_sensor_fallback_garage_v1_mesh_bbox
1780144322.348,0.634191,0.634191,0.634191,False,5865,5514,351,3383,1156,325,0.281142,0.500000,0,0,0,1,nearest_free_lawnmower_no_frontier_candidate,-1,80,3,0,0,branch_region,-23.817,-46.018,1.600,0.000,7.807,0.000,-24.064,-53.534,1.920,-19.817,-38.018,2.000,20.024,True,True,1,5865,1546,102,simulated_local_sensor_fallback_garage_v1_mesh_bbox
1780144322.598,0.634840,0.634840,0.634840,False,5871,5516,355,3377,1156,325,0.281142,0.500000,0,0,0,1,nearest_free_lawnmower_no_frontier_candidate,-1,80,3,0,0,branch_region,-23.817,-46.018,1.600,0.000,7.807,0.000,-24.237,-52.840,1.720,-19.817,-38.018,2.000,20.024,False,True,0,5871,1540,117,simulated_local_sensor_fallback_garage_v1_mesh_bbox
1780144322.849,0.634840,0.634840,0.634840,False,5871,5516,355,3377,1156,325,0.281142,0.500000,0,0,0,1,nearest_free_lawnmower_no_frontier_candidate,-1,80,3,0,0,branch_region,-23.817,-46.018,1.600,0.000,6.553,0.000,-24.189,-52.268,1.658,-19.817,-38.018,2.000,15.209,False,True,0,5871,1540,113,simulated_local_sensor_fallback_garage_v1_mesh_bbox
1780144323.099,0.634840,0.634840,0.634840,False,5871,5516,355,3377,1156,325,0.281142,0.500000,0,0,0,1,nearest_free_lawnmower_no_frontier_candidate,-1,80,3,0,0,branch_region,-23.817,-46.018,1.600,0.000,6.553,0.000,-24.013,-51.694,1.676,-19.817,-38.018,2.000,15.209,False,True,0,5871,1540,103,simulated_local_sensor_fallback_garage_v1_mesh_bbox
1780144323.349,0.634840,0.634840,0.634840,False,5871,5516,355,3377,1156,325,0.281142,0.500000,0,0,0,1,nearest_free_lawnmower_no_frontier_candidate,-1,80,3,0,0,branch_region,-23.817,-46.018,1.600,0.000,5.391,0.000,-23.836,-51.119,1.694,-19.817,-38.018,2.000,14.009,False,True,0,5871,1540,107,simulated_local_sensor_fallback_garage_v1_mesh_bbox
1780144323.599,0.634840,0.634840,0.634840,False,5871,5516,355,3377,1156,325,0.281142,0.500000,0,0,0,1,nearest_free_lawnmower_no_frontier_candidate,-1,80,3,0,0,branch_region,-23.817,-46.018,1.600,0.000,5.391,0.000,-23.661,-50.547,1.712,-19.817,-38.018,2.000,14.009,False,True,0,5871,1540,103,simulated_local_sensor_fallback_garage_v1_mesh_bbox
1780144323.849,0.634840,0.634840,0.634840,False,5871,5516,355,3377,1156,325,0.281142,0.500000,0,0,0,1,nearest_free_lawnmower_no_frontier_candidate,-1,80,3,0,0,branch_region,-23.817,-46.018,1.600,0.000,4.110,0.000,-23.441,-49.830,1.730,-19.817,-38.018,2.000,12.658,False,True,0,5871,1540,103,simulated_local_sensor_fallback_garage_v1_mesh_bbox
1780144324.099,0.634840,0.634840,0.634840,False,5871,5516,355,3377,1156,325,0.281142,0.500000,0,0,0,1,nearest_free_lawnmower_no_frontier_candidate,-1,80,3,0,0,branch_region,-23.817,-46.018,1.600,0.000,4.110,0.000,-23.265,-49.256,1.748,-19.817,-38.018,2.000,12.658,False,True,0,5871,1540,110,simulated_local_sensor_fallback_garage_v1_mesh_bbox
1780144324.349,0.634840,0.634840,0.634840,False,5871,5516,355,3377,1156,325,0.281142,0.500000,0,0,0,1,nearest_free_lawnmower_no_frontier_candidate,-1,80,3,0,0,entry_start_region,-23.817,-46.018,1.600,0.000,2.894,0.000,-23.045,-48.539,1.765,-19.817,-38.018,2.000,11.308,False,True,0,5871,1540,129,simulated_local_sensor_fallback_garage_v1_mesh_bbox
1780144324.599,0.634840,0.634840,0.634840,False,5871,5516,355,3377,1156,325,0.281142,0.500000,0,0,0,1,nearest_free_lawnmower_no_frontier_candidate,-1,80,3,0,0,entry_start_region,-23.817,-46.018,1.600,0.000,2.894,0.000,-22.869,-47.966,1.782,-19.817,-38.018,2.000,11.308,False,True,0,5871,1540,145,simulated_local_sensor_fallback_garage_v1_mesh_bbox
1780144324.849,0.634840,0.634840,0.634840,False,5871,5516,355,3377,1156,325,0.281142,0.500000,0,0,0,1,nearest_free_lawnmower_no_frontier_candidate,-1,80,3,0,0,entry_start_region,-23.817,-46.018,1.600,0.000,1.966,0.000,-22.693,-47.392,1.798,-19.817,-38.018,2.000,10.108,False,True,0,5871,1540,135,simulated_local_sensor_fallback_garage_v1_mesh_bbox
1780144325.099,0.634840,0.634840,0.634840,False,5871,5516,355,3377,1156,325,0.281142,0.500000,0,0,0,1,nearest_free_lawnmower_no_frontier_candidate,-1,80,3,0,0,entry_start_region,-23.817,-46.018,1.600,0.000,1.966,0.000,-22.517,-46.819,1.815,-19.817,-38.018,2.000,10.108,False,True,0,5871,1540,132,simulated_local_sensor_fallback_garage_v1_mesh_bbox
1780144325.349,0.634840,0.634840,0.634840,False,5871,5516,355,3377,1156,325,0.281142,0.500000,0,0,0,1,nearest_free_lawnmower_no_frontier_candidate,-1,80,3,0,0,entry_start_region,-23.817,-46.018,1.600,0.000,1.495,0.000,-22.297,-46.102,1.832,-19.817,-38.018,2.000,8.758,False,True,0,5871,1540,127,simulated_local_sensor_fallback_garage_v1_mesh_bbox
1780144325.599,0.634840,0.634840,0.634840,False,5871,5516,355,3377,1156,325,0.281142,0.500000,0,0,0,1,nearest_free_lawnmower_no_frontier_candidate,-1,80,3,0,0,entry_start_region,-23.817,-46.018,1.600,0.000,1.495,0.000,-22.121,-45.528,1.849,-19.817,-38.018,2.000,8.758,False,True,0,5871,1540,126,simulated_local_sensor_fallback_garage_v1_mesh_bbox
1780144325.849,0.634840,0.634840,0.634840,False,5871,5516,355,3377,1156,325,0.281142,0.500000,0,0,0,1,nearest_free_lawnmower_no_frontier_candidate,-1,80,3,0,0,entry_start_region,-23.817,-46.018,1.600,0.000,2.061,0.000,-21.901,-44.811,1.866,-19.817,-38.018,2.000,7.407,False,True,0,5871,1540,129,simulated_local_sensor_fallback_garage_v1_mesh_bbox
